,0
0,A1BG
1,A2M
2,AAK1
3,AASDH
4,ABCA1
5,ABCA5
6,ABCC3
7,ABCC4
8,ABCC5
9,ABHD12
10,ABHD2
11,ABHD3
12,ABHD5
13,ABI2
14,ABL1
15,ABL2
16,ABLIM1
17,ABTB2
18,ACACB
19,ACBD3
20,ACBD6
21,ACOX3
22,ACSL1
23,ACSL3
24,ACSL4
25,ACTB
26,ACTG1
27,ACTN1
28,ACYP2
29,ADAM17
30,ADAM28
31,ADAMTS17
32,ADAMTS6
33,ADCY3
34,ADCY9
35,ADIPOR1
36,ADM
37,AFAP1
38,AFF1
39,AFF3
40,AGAP9
41,AGBL5
42,AGK
43,AGO1
44,AGPAT4
45,AHNAK
46,AHR
47,AIF1
48,AK1
49,AKAP10
50,AKAP13
51,AKAP6
52,AKAP9
53,AKR1B1
54,AKT1
55,AL592183.1
56,ALCAM
57,ALDOA
58,ALG13
59,ALOX5
60,ALS2
61,AMBRA1
62,AMD1
63,AMZ1
64,ANAPC11
65,ANGPT2
66,ANK2
67,ANK3
68,ANKAR
69,ANKFY1
70,ANKH
71,ANKRD10
72,ANKRD11
73,ANKRD12
74,ANKRD23
75,ANKRD28
76,ANKRD33B
77,ANKRD36
78,ANKRD36C
79,ANKRD44
80,ANKRD46
81,ANKUB1
82,ANO6
83,ANTXR2
84,ANXA1
85,ANXA6
86,AP2A2
87,AP2M1
88,AP2S1
89,AP3M2
90,APAF1
91,APBA2
92,APBB1IP
93,APEX1
94,APH1A
95,APLF
96,APOL6
97,APPL2
98,APRT
99,ARF3
100,ARF6
101,ARFGAP3
102,ARHGAP10
103,ARHGAP18
104,ARHGAP24
105,ARHGAP26
106,ARHGAP31
107,ARHGAP42
108,ARHGEF3
109,ARHGEF6
110,ARID1B
111,ARID3B
112,ARID4A
113,ARID5B
114,ARL1
115,ARL15
116,ARL17A
117,ARL17B
118,ARL6
119,ARL6IP1
120,ARL6IP4
121,ARMC2
122,ARMCX4
123,ARPC2
124,ARPC3
125,ARPC5
126,ARRB1
127,ARRDC3
128,ASB7
129,ASPH
130,ASTN2
131,ASXL1
132,ASXL2
133,ATE1
134,ATF2
135,ATF3
136,ATF7IP
137,ATG2B
138,ATG4C
139,ATG7
140,ATL2
141,ATM
142,ATP10A
143,ATP10D
144,ATP11A
145,ATP13A3
146,ATP1A1
147,ATP1B3
148,ATP2B1
149,ATP2B4
150,ATP6V0B
151,ATP6V1F
152,ATP8B1
153,ATPAF2
154,ATRN
155,AUH
156,AUTS2
157,B3GNT5
158,B4GALT1
159,BACH2
160,BANP
161,BAZ1A
162,BBS9
163,BCAS2
164,BCAS3
165,BCKDHB
166,BCL2
167,BCL3
168,BCL7B
169,BCL9
170,BDP1
171,BEST1
172,BIN3
173,BIRC3
174,BIRC6
175,BLOC1S1
176,BMI1
177,BNC2
178,BOD1L1
179,BPTF
180,BRD9
181,BRMS1L
182,BTBD10
183,BTBD11
184,BTBD3
185,BTF3
186,BTG3
187,BTRC
188,BZW2
189,C11orf65
190,C11orf80
191,C12orf4
192,C12orf57
193,C15orf61
194,C18orf32
195,C19orf53
196,C1S
197,C1orf162
198,C22orf34
199,C22orf39
200,C2CD2
201,C2CD5
202,C4orf3
203,C9orf85
204,CAB39L
205,CACHD1
206,CACNA1D
207,CALCRL
208,CALM3
209,CALR
210,CALU
211,CAMK4
212,CANX
213,CAPN7
214,CAPNS1
215,CARD11
216,CARD8
217,CARF
218,CASD1
219,CATSPER2
220,CATSPERB
221,CBFA2T2
222,CBR4
223,CBX6
224,CC2D2A
225,CCAR1
226,CCDC141
227,CCDC173
228,CCDC25
229,CCDC65
230,CCDC66
231,CCDC88A
232,CCL3
233,CCL4
234,CCL5
235,CCM2
236,CCNI
237,CCNK
238,CCNL1
239,CCNT2
240,CCNY
241,CCPG1
242,CCSER1
243,CCT6A
244,CCZ1
245,CD109
246,CD200
247,CD244
248,CD247
249,CD36
250,CD44
251,CD55
252,CD58
253,CD68
254,CD69
255,CD74
256,CD83
257,CDC42EP4
258,CDK11A
259,CDK11B
260,CDK14
261,CDK4
262,CDK5RAP3
263,CDK6
264,CDKL3
265,CDKN1A
266,CEBPD
267,CEBPG
268,CEBPZ
269,CEP192
270,CEPT1
271,CERS6
272,CETN2
273,CFD
274,CFLAR-AS1
275,CHCHD2
276,CHD1
277,CHD2
278,CHD4
279,CHIC1
280,CHM
281,CHMP1B
282,CHMP4A
283,CHMP4B
284,CHODL
285,CHP1
286,CHRAC1
287,CHRM3
288,CHST11
289,CHST15
290,CIR1
291,CITED2
292,CKMT2-AS1
293,CLASP1
294,CLCN5
295,CLEC2D
296,CLEC7A
297,CLIC1
298,CLIC4
299,CLIP1
300,CLIP4
301,CLOCK
302,CLTB
303,CMC1
304,CNBP
305,CNIH1
306,CNNM4
307,CNOT6L
308,COA1
309,COG2
310,COG6
311,COL19A1
312,COMMD1
313,COMMD10
314,COMMD6
315,COMMD8
316,COQ10B
317,CORO1C
318,COTL1
319,COX4I1
320,COX5A
321,COX5B
322,COX6A1
323,COX6B1
324,CPM
325,CPNE8
326,CPQ
327,CR1
328,CRADD
329,CREB5
330,CREBRF
331,CREM
332,CRIM1
333,CRISPLD2
334,CRK
335,CRLF3
336,CRTAP
337,CRY1
338,CRY2
339,CSDE1
340,CSGALNACT1
341,CSGALNACT2
342,CSNK1A1
343,CSNK2B
344,CSRP1
345,CST3
346,CSTB
347,CTBP2
348,CTDP1
349,CTDSPL
350,CTIF
351,CTNNAL1
352,CTNNB1
353,CTSH
354,CTSO
355,CTSZ
356,CUX2
357,CXCL16
358,CXCR4
359,CXXC5
360,CXorf21
361,CYB5R3
362,CYB5R4
363,DAAM1
364,DAB1
365,DAPK1
366,DAXX
367,DBI
368,DCTN3
369,DCTN6
370,DDX21
371,DDX3X
372,DDX60
373,DDX60L
374,DECR1
375,DENND1A
376,DENND4A
377,DENND6A
378,DERA
379,DHFR
380,DIAPH1
381,DIAPH2-AS1
382,DIP2B
383,DIP2C
384,DIRC3
385,DIS3L2
386,DISC1
387,DLEU1
388,DMTF1
389,DMXL1
390,DNAH17
391,DNAJA1
392,DNAJA2
393,DNAJB1
394,DNAJC1
395,DNASE1
396,DNM3
397,DNMBP
398,DNTTIP2
399,DOCK1
400,DOCK10
401,DOCK2
402,DOCK3
403,DOCK4
404,DOCK9
405,DOT1L
406,DPM1
407,DPYD-AS1
408,DPYSL2
409,DSCAML1
410,DTNA
411,DUOX1
412,DUSP16
413,DUSP6
414,DYNC1I2
415,DYRK1A
416,EAF1
417,EBAG9
418,EBF1
419,ECHDC1
420,ECHS1
421,EDA
422,EDARADD
423,EDF1
424,EDRF1
425,EEA1
426,EEF1A1
427,EEF1B2
428,EEF1D
429,EEF2
430,EEFSEC
431,EFCAB10
432,EFCAB11
433,EFCAB13
434,EFCAB7
435,EFHD2
436,EGLN3
437,EGR1
438,EHD1
439,EIF1
440,EIF1AX
441,EIF2AK3
442,EIF3E
443,EIF3F
444,EIF3G
445,EIF3I
446,EIF3J
447,EIF5A
448,EIF5B
449,ELF1
450,ELK3
451,ELL
452,ELL2
453,ELMO1
454,ELMO1-AS1
455,ELMOD2
456,ELMOD3
457,ELOF1
458,ELOVL1
459,ELP3
460,EMB
461,EMD
462,EMILIN2
463,EML4
464,EMP1
465,ENDOV
466,ENG
467,ENPP2
468,ENSA
469,ENTPD1-AS1
470,EPB41
471,EPB41L5
472,EPC2
473,EPHB1
474,EPN2
475,EPS15
476,ERCC1
477,ERGIC1
478,ERGIC3
479,ERH
480,ERICH1
481,ERMP1
482,ERV3-1
483,ESR1
484,ESR2
485,ESRRA
486,ESYT2
487,ETF1
488,ETNK1
489,ETS2
490,ETV6
491,EVI5
492,EXOC4
493,EXOC6
494,EXOC6B
495,EXOG
496,EXTL3
497,EZR
498,F13A1
499,FAM102B
500,FAM117B
501,FAM133B
502,FAM13A
503,FAM149B1
504,FAM168A
505,FAM184A
506,FAM214A
507,FAM219A
508,FAM227B
509,FAM32A
510,FAM49B
511,FANCL
512,FAR2
513,FARS2
514,FAU
515,FBL
516,FBXL13
517,FBXL4
518,FBXW4
519,FCHO2
520,FCHSD2
521,FCN1
522,FGL2
523,FHIT
524,FIG4
525,FKBP14
526,FKBP1A
527,FKBP5
528,FLI1
529,FLVCR2
530,FNIP2
531,FOCAD
532,FOSB
533,FOSL1
534,FOSL2
535,FOXN3
536,FOXO1
537,FOXO3
538,FRMD3
539,FRMD4A
540,FRMD4B
541,FRYL
542,FTH1
543,FTL
544,FTX
545,FUNDC2
546,FUT11
547,FUT8
548,FXYD5
549,FYN
550,GAB1
551,GAB2
552,GABARAP
553,GABARAPL1
554,GADD45A
555,GALK2
556,GALNT10
557,GALNTL6
558,GANC
559,GAPDH
560,GATA3
561,GBP2
562,GCC2
563,GCFC2
564,GCH1
565,GCLM
566,GCNT1
567,GDAP2
568,GDI1
569,GFM2
570,GIMAP8
571,GK
572,GLCE
573,GLIS3
574,GLRX
575,GLS
576,GLTP
577,GLUL
578,GMDS
579,GNA12
580,GNA13
581,GNAI2
582,GNAQ
583,GNB2
584,GNG12-AS1
585,GNG2
586,GNG5
587,GNG7
588,GNL2
589,GNLY
590,GNPTG
591,GOLGA4
592,GOLGA7
593,GOLGA8A
594,GOLGA8B
595,GOLGB1
596,GPCPD1
597,GPD2
598,GPI
599,GPM6A
600,GPR89A
601,GPRIN3
602,GPX4
603,GRAP2
604,GRASP
605,GREB1L
606,GRINA
607,GRIP1
608,GRK5
609,GSAP
610,GSK3B
611,GSN
612,GSTO1
613,GSTP1
614,GTDC1
615,GTF2A2
616,GTF2B
617,GTF2H5
618,GTF2IRD2
619,GTF2IRD2B
620,GTF3A
621,GTF3C6
622,GUK1
623,GZMK
624,H1F0
625,H2AFY2
626,H2AFZ
627,H3F3B
628,HACE1
629,HBEGF
630,HCFC1R1
631,HCG27
632,HCK
633,HDAC4
634,HDAC9
635,HEATR5B
636,HECA
637,HELZ
638,HERC4
639,HES1
640,HIF1A
641,HIGD1A
642,HIGD2A
643,HIPK3
644,HIST1H2AC
645,HIST1H4C
646,HIVEP2
647,HK1
648,HLA-DMA
649,HLA-DMB
650,HLA-DPA1
651,HLA-DQA1
652,HLA-DRA
653,HLA-DRB1
654,HLA-DRB5
655,HMGA1
656,HMGN2
657,HMGN4
658,HMGXB4
659,HNRNPA0
660,HNRNPA1
661,HNRNPL
662,HNRNPUL2
663,HRH1
664,HSD17B12
665,HSPA4
666,HSPA8
667,HSPA9
668,HSPB1
669,HSPBAP1
670,HSPH1
671,ICAM1
672,ID2
673,ID3
674,IDH3B
675,IDH3G
676,IDI1
677,IDS
678,IER3
679,IFI16
680,IFI6
681,IFIH1
682,IFITM1
683,IFITM2
684,IFITM3
685,IFNAR2
686,IFNG-AS1
687,IFNGR1
688,IFT122
689,IGF1R
690,IGF2BP2
691,IKBKB
692,IKZF1
693,IKZF2
694,IL10RB
695,IL12RB2
696,IL15RA
697,IL1B
698,IL1RAP
699,IL2RA
700,IL32
701,IL6R
702,IL7
703,IMMP2L
704,IMP3
705,IMPDH2
706,INO80D
707,INPP4A
708,INPP4B
709,INSIG1
710,INTS4
711,INTS7
712,IPCEF1
713,IPMK
714,IPO11
715,IPO7
716,IPPK
717,IQSEC1
718,IRAK2
719,IRAK3
720,IRF2BP2
721,IRS2
722,ISCU
723,ITGA4
724,ITGAE
725,ITGAX
726,ITGB3BP
727,ITPR2
728,ITSN1
729,IWS1
730,JAG1
731,JAKMIP2
732,JARID2
733,JAZF1
734,JPX
735,JTB
736,JUND
737,KANK1
738,KANSL1
739,KANSL1L
740,KARS
741,KAT2B
742,KATNAL1
743,KAZN
744,KCNK13
745,KCNMA1
746,KCNQ1OT1
747,KCNQ5
748,KCTD20
749,KDELR1
750,KDELR2
751,KDM1B
752,KDM6A
753,KDM6B
754,KDM7A
755,KHDC1
756,KHDRBS2
757,KHSRP
758,KIAA0319L
759,KIAA0930
760,KIAA1328
761,KIAA1671
762,KIF13A
763,KIF1B
764,KIFC3
765,KLF10
766,KLF12
767,KLF4
768,KLF6
769,KLF7
770,KLHDC10
771,KLHL20
772,KLHL28
773,KLHL5
774,KLRD1
775,KMT2D
776,KMT2E
777,KPNA5
778,KRR1
779,KRTCAP2
780,KTN1
781,LARP4B
782,LATS2
783,LCOR
784,LDB2
785,LDHA
786,LDLR
787,LDLRAD4
788,LEMD3
789,LENG8
790,LFNG
791,LGALS1
792,LGALS3
793,LGALS9
794,LGMN
795,LIMD1
796,LIMK2
797,LIMS1
798,LINC-PINT
799,LINC00174
800,LINC00342
801,LINC00486
802,LINC00623
803,LINC00624
804,LINC00630
805,LINC00968
806,LINC01004
807,LINC01010
808,LINC01135
809,LINC01138
810,LIPE
811,LIPE-AS1
812,LITAF
813,LMF2
814,LMNA
815,LMO7
816,LONRF1
817,LPAR6
818,LPCAT2
819,LPP
820,LRBA
821,LRCH1
822,LRIG2
823,LRRC23
824,LRRFIP1
825,LSM12
826,LSP1
827,LTBR
828,LUC7L
829,LUC7L2
830,LUCAT1
831,LY6E
832,LY96
833,LYN
834,LYPLAL1
835,LYZ
836,LZIC
837,MAD1L1
838,MAF
839,MAFF
840,MAFG
841,MAFK
842,MAGOH
843,MAGT1
844,MAK
845,MAN1A1
846,MAN1C1
847,MAP2K1
848,MAP2K6
849,MAP3K1
850,MAP3K2
851,MAP3K4
852,MAP3K7CL
853,MAP3K8
854,MAP4K3
855,MAP4K4
856,MAPK3
857,MAPK6
858,MAPKAPK2
859,MARCH2
860,MARCH8
861,MARCKS
862,MAST4
863,MB21D2
864,MBD5
865,MBNL1
866,MBNL2
867,MBNL3
868,MBOAT1
869,MBP
870,MCC
871,MCM9
872,MDFIC
873,MDH2
874,ME1
875,MEA1
876,MECP2
877,MED12L
878,MED13L
879,MED14
880,MED4
881,MEF2C
882,MEF2C-AS1
883,METTL15
884,METTL2A
885,MFHAS1
886,MFN1
887,MFSD8
888,MGAT5
889,MGMT
890,MICU3
891,MIDN
892,MIF
893,MIR181A1HG
894,MIR22HG
895,MLEC
896,MLF1
897,MLLT10
898,MLLT3
899,MMP24
900,MMS19
901,MMS22L
902,MN1
903,MNAT1
904,MNDA
905,MOB4
906,MOCS2
907,MORF4L2
908,MPP1
909,MPP6
910,MRFAP1L1
911,MRPL51
912,MRPS18B
913,MRPS21
914,MRPS27
915,MS4A4E
916,MS4A6A
917,MSL2
918,MSR1
919,MSRA
920,MT-ATP8
921,MT-CYB
922,MT-ND2
923,MT-ND3
924,MT-ND4L
925,MT-ND5
926,MTCP1
927,MTFR1
928,MTHFR
929,MTRNR2L12
930,MTRNR2L8
931,MTSS1
932,MTX2
933,MVB12B
934,MX2
935,MYO1D
936,MYO1E
937,MYO5A
938,MYO9B
939,N4BP2L2
940,NAA50
941,NABP1
942,NACA
943,NAMPT
944,NAP1L1
945,NAPB
946,NARS
947,NAV1
948,NAV2
949,NBAS
950,NBPF11
951,NBPF12
952,NCALD
953,NCAPD3
954,NCAPH2
955,NCK1
956,NCK2
957,NCOA2
958,NCOA4
959,NCOA7
960,NDUFA11
961,NDUFA6
962,NDUFAB1
963,NDUFAF6
964,NDUFB10
965,NDUFB11
966,NDUFB2
967,NDUFB4
968,NDUFS5
969,NDUFS7
970,NDUFV2
971,NEDD4
972,NEDD9
973,NEGR1
974,NEK7
975,NENF
976,NEO1
977,NEXN
978,NFATC1
979,NFATC2
980,NFE2L2
981,NFE2L3
982,NFIA
983,NFIL3
984,NFKB1
985,NFKBID
986,NFXL1
987,NHP2
988,NHS
989,NHSL1
990,NIFK
991,NIN
992,NKAP
993,NKG7
994,NKTR
995,NLK
996,NLRP3
997,NME9
998,NNT
999,NOP58
1000,NPC2
1001,NPIPA1
1002,NPIPB4
1003,NPIPB5
1004,NPL
1005,NPM1
1006,NR3C2
1007,NR4A1
1008,NR4A2
1009,NR6A1
1010,NRF1
1011,NRG1
1012,NSA2
1013,NSD1
1014,NSMCE2
1015,NSUN3
1016,NT5DC1
1017,NT5DC3
1018,NUCB1
1019,NUDCD3
1020,NUDT21
1021,NUF2
1022,NUTF2
1023,ODF3B
1024,OLR1
1025,OOEP
1026,OPA3
1027,OPRM1
1028,ORC4
1029,OSBPL3
1030,OST4
1031,OTUB1
1032,OXA1L
1033,P2RY14
1034,P4HA1
1035,PA2G4
1036,PABPC1
1037,PALLD
1038,PAPSS2
1039,PARP11
1040,PBX3
1041,PCBP1
1042,PCBP3
1043,PCED1B
1044,PDCD4
1045,PDCD5
1046,PDE3B
1047,PDE4A
1048,PDE4B
1049,PDE4D
1050,PDE5A
1051,PDE7B
1052,PDE8B
1053,PDGFC
1054,PDGFD
1055,PDHX
1056,PDSS2
1057,PEA15
1058,PEAK1
1059,PEBP1
1060,PELI1
1061,PER1
1062,PER2
1063,PER3
1064,PFDN4
1065,PFDN5
1066,PFKFB3
1067,PFKP
1068,PFN1
1069,PGS1
1070,PHB2
1071,PHC3
1072,PHF14
1073,PHF20
1074,PHKB
1075,PHLDB2
1076,PHPT1
1077,PIAS2
1078,PIBF1
1079,PID1
1080,PIGT
1081,PIGX
1082,PIK3C2B
1083,PIK3C3
1084,PIK3R5
1085,PILRB
1086,PIM1
1087,PIP4K2A
1088,PITPNA
1089,PITPNC1
1090,PKD2L2
1091,PLA2G4A
1092,PLAUR
1093,PLCB1
1094,PLCL2
1095,PLD1
1096,PLEKHA2
1097,PLEKHA7
1098,PLEKHG2
1099,PLEKHM2
1100,PLEKHM3
1101,PLK3
1102,PLP2
1103,PLSCR1
1104,PLXNA2
1105,PLXNA4
1106,PLXNC1
1107,PLXND1
1108,PNO1
1109,PNRC1
1110,PNRC2
1111,POLD4
1112,POLE3
1113,POLR2E
1114,POLR2J
1115,POT1
1116,POU2F2
1117,PPARG
1118,PPCS
1119,PPDPF
1120,PPIG
1121,PPM1G
1122,PPM1H
1123,PPP1CA
1124,PPP1CB
1125,PPP1R15A
1126,PPP1R15B
1127,PPP1R21
1128,PPP2CA
1129,PPP2CB
1130,PPP2R2B
1131,PPP3CC
1132,PPP3R1
1133,PPTC7
1134,PQBP1
1135,PRDX5
1136,PRDX6
1137,PREB
1138,PREX1
1139,PRICKLE1
1140,PRIMPOL
1141,PRKACA
1142,PRKAG2
1143,PRKAR1B
1144,PRKCA
1145,PRKCB
1146,PRKCE
1147,PRKCH
1148,PRKX
1149,PRLR
1150,PRPF19
1151,PRR13
1152,PRR5L
1153,PSD3
1154,PSEN1
1155,PSMA1
1156,PSMB4
1157,PSME1
1158,PTK2
1159,PTK2B
1160,PTMA
1161,PTP4A2
1162,PTPN1
1163,PTPN2
1164,PTPRA
1165,PTPRC
1166,PTPRE
1167,PTPRM
1168,PTPRO
1169,PTRH2
1170,PYCARD
1171,PYHIN1
1172,PYURF
1173,PZP
1174,R3HDM2
1175,RAB11A
1176,RAB11B
1177,RAB11FIP1
1178,RAB1B
1179,RAB30
1180,RAB31
1181,RAB5C
1182,RAB7A
1183,RABGEF1
1184,RAC1
1185,RAC2
1186,RAD23A
1187,RAD52
1188,RALGAPA2
1189,RAN
1190,RANBP1
1191,RAP1GAP2
1192,RAPGEF1
1193,RASA1
1194,RASGEF1B
1195,RB1CC1
1196,RBBP8
1197,RBFOX2
1198,RBKS
1199,RBM12B
1200,RBM22
1201,RBM33
1202,RBM4
1203,RBM42
1204,RBMS1
1205,RCOR3
1206,RDX
1207,REL
1208,RELB
1209,RERE
1210,RETSAT
1211,REV3L
1212,RFX2
1213,RGCC
1214,RGL1
1215,RGPD8
1216,RGS1
1217,RGS2
1218,RGS7
1219,RHBDD1
1220,RHEB
1221,RHOA
1222,RHOB
1223,RHOC
1224,RHOH
1225,RIMKLB
1226,RIPK2
1227,RLF
1228,RMDN1
1229,RMND1
1230,RNF111
1231,RNF123
1232,RNF125
1233,RNF13
1234,RNF144A
1235,RNF144B
1236,RNF149
1237,RNF165
1238,RNF168
1239,RNF170
1240,RNF181
1241,RNF185
1242,RNF19B
1243,RNF213
1244,RNF217
1245,RNF24
1246,RNF7
1247,RNLS
1248,ROCK1
1249,ROMO1
1250,ROR1
1251,ROR2
1252,RORA
1253,RPF1
1254,RPGR
1255,RPH3AL
1256,RPL10
1257,RPL10A
1258,RPL11
1259,RPL12
1260,RPL13
1261,RPL13A
1262,RPL14
1263,RPL15
1264,RPL18
1265,RPL18A
1266,RPL19
1267,RPL21
1268,RPL22
1269,RPL23
1270,RPL24
1271,RPL26
1272,RPL27
1273,RPL27A
1274,RPL28
1275,RPL29
1276,RPL3
1277,RPL30
1278,RPL32
1279,RPL34
1280,RPL35
1281,RPL35A
1282,RPL36
1283,RPL36AL
1284,RPL37
1285,RPL39
1286,RPL4
1287,RPL41
1288,RPL5
1289,RPL6
1290,RPL7A
1291,RPL8
1292,RPL9
1293,RPLP0
1294,RPLP1
1295,RPN1
1296,RPP38
1297,RPS10
1298,RPS11
1299,RPS12
1300,RPS13
1301,RPS14
1302,RPS15
1303,RPS15A
1304,RPS17
1305,RPS18
1306,RPS19
1307,RPS20
1308,RPS21
1309,RPS23
1310,RPS24
1311,RPS25
1312,RPS27
1313,RPS27A
1314,RPS28
1315,RPS29
1316,RPS3
1317,RPS3A
1318,RPS4X
1319,RPS5
1320,RPS6
1321,RPS6KA2
1322,RPS6KA3
1323,RPS6KA5
1324,RPS6KC1
1325,RPS7
1326,RPS8
1327,RPS9
1328,RPSA
1329,RRBP1
1330,RREB1
1331,RRP12
1332,RSL1D1
1333,RSL24D1
1334,RTN1
1335,RUNX1
1336,RUNX2
1337,RUVBL2
1338,RWDD1
1339,S100A10
1340,S100A11
1341,S100A6
1342,SAMD8
1343,SAMSN1
1344,SAP30L-AS1
1345,SCAF8
1346,SCML1
1347,SCOC
1348,SDC2
1349,SDCBP
1350,SDCCAG8
1351,SDHD
1352,SDK2
1353,SEC61B
1354,SEC63
1355,SEL1L3
1356,SEMA3C
1357,SEMA4D
1358,SENP5
1359,SERF2
1360,SERGEF
1361,SERINC1
1362,SERPINB9
1363,SERPINF1
1364,SERTAD1
1365,SESN1
1366,SESN3
1367,SF3A3
1368,SF3B5
1369,SFMBT2
1370,SGCD
1371,SGMS1
1372,SGMS2
1373,SGPL1
1374,SH3BGRL3
1375,SH3BP5
1376,SH3KBP1
1377,SH3PXD2A
1378,SH3PXD2B
1379,SH3RF3
1380,SHPRH
1381,SIK2
1382,SIK3
1383,SIPA1L1
1384,SIVA1
1385,SKAP1
1386,SKIL
1387,SLC10A7
1388,SLC16A1
1389,SLC16A10
1390,SLC16A4
1391,SLC16A7
1392,SLC19A2
1393,SLC20A1
1394,SLC22A15
1395,SLC22A23
1396,SLC25A13
1397,SLC25A25
1398,SLC25A33
1399,SLC25A5
1400,SLC27A4
1401,SLC2A3
1402,SLC2A4RG
1403,SLC30A6
1404,SLC35E4
1405,SLC36A1
1406,SLC38A6
1407,SLC39A11
1408,SLC39A8
1409,SLC3A1
1410,SLC41A2
1411,SLC7A1
1412,SLC7A6OS
1413,SLC8A1
1414,SLC8A1-AS1
1415,SLC9A9
1416,SLC9B2
1417,SLCO3A1
1418,SLTM
1419,SLX4IP
1420,SMAD1
1421,SMAD3
1422,SMAD7
1423,SMARCAD1
1424,SMC4
1425,SMG7
1426,SMNDC1
1427,SMYD3
1428,SNED1
1429,SNHG7
1430,SNRPC
1431,SNRPD2
1432,SNRPD3
1433,SNTB1
1434,SNX13
1435,SNX24
1436,SNX29
1437,SNX30
1438,SOD2
1439,SPAG9
1440,SPAST
1441,SPATA13
1442,SPATA6
1443,SPICE1
1444,SPIN1
1445,SPON2
1446,SPRYD3
1447,SPSB1
1448,SPTSSA
1449,SPTY2D1
1450,SRBD1
1451,SREBF1
1452,SREBF2
1453,SREK1
1454,SRGAP3
1455,SRGN
1456,SRP14
1457,SRP72
1458,SRSF9
1459,SSBP2
1460,SSBP3
1461,SSPN
1462,SSR2
1463,SSR3
1464,SSRP1
1465,ST13
1466,ST18
1467,ST3GAL2
1468,ST3GAL6
1469,ST6GAL1
1470,ST7L
1471,ST8SIA4
1472,STAMBPL1
1473,STARD13
1474,STARD4-AS1
1475,STARD9
1476,STAT3
1477,STAT4
1478,STAU2
1479,STEAP1B
1480,STIM1
1481,STIM2
1482,STK10
1483,STK17B
1484,STK32B
1485,STK39
1486,STK40
1487,STON2
1488,STX2
1489,STX4
1490,SUMO2
1491,SUMO3
1492,SVIL
1493,SYAP1
1494,SYNE1
1495,SYNE2
1496,SYNGR2
1497,SYNJ2
1498,SYT1
1499,SYTL3
1500,SYVN1
1501,TACC1
1502,TACR1
1503,TAF13
1504,TAGLN2
1505,TAMM41
1506,TAPT1-AS1
1507,TAX1BP1
1508,TBC1D12
1509,TBC1D14
1510,TBC1D19
1511,TBC1D22A
1512,TBC1D4
1513,TBC1D5
1514,TBC1D8
1515,TBC1D9
1516,TBCEL
1517,TBCK
1518,TBL1XR1
1519,TC2N
1520,TCAIM
1521,TCERG1
1522,TCF7L2
1523,TCHP
1524,TCOF1
1525,TCTA
1526,TEX14
1527,TFB1M
1528,TFCP2
1529,TFRC
1530,TGFBR1
1531,TGFBR2
1532,TGFBR3
1533,THEMIS
1534,THEMIS2
1535,THYN1
1536,TIAM1
1537,TICAM1
1538,TIMM23B
1539,TIMM8B
1540,TIMP2
1541,TLE1
1542,TLE3
1543,TLE4
1544,TLR2
1545,TMA7
1546,TMCC1
1547,TMEM135
1548,TMEM159
1549,TMEM161B
1550,TMEM164
1551,TMEM176A
1552,TMEM176B
1553,TMEM219
1554,TMEM243
1555,TMEM256
1556,TMEM258
1557,TMEM41B
1558,TMEM70
1559,TMEM80
1560,TMF1
1561,TMLHE
1562,TMLHE-AS1
1563,TMOD2
1564,TMOD3
1565,TMSB10
1566,TMSB4X
1567,TNFAIP3
1568,TNFAIP6
1569,TNFAIP8
1570,TNFRSF10B
1571,TNFRSF21
1572,TNFRSF25
1573,TNFSF13B
1574,TNIK
1575,TNRC18
1576,TOB2
1577,TOMM20
1578,TOMM22
1579,TOP1
1580,TOX
1581,TP53
1582,TP53BP2
1583,TP53INP1
1584,TPCN1
1585,TPD52
1586,TPM2
1587,TPM3
1588,TPP2
1589,TPRG1
1590,TPT1
1591,TPT1-AS1
1592,TRABD2A
1593,TRAF3
1594,TRAK1
1595,TRAK2
1596,TRANK1
1597,TRAPPC1
1598,TRAPPC8
1599,TRDMT1
1600,TRERF1
1601,TRIM13
1602,TRIM24
1603,TRIM47
1604,TRIM5
1605,TRIM56
1606,TRMT10B
1607,TRMT11
1608,TRMT13
1609,TRPC1
1610,TRPS1
1611,TSC22D1
1612,TSC22D2
1613,TSPAN18
1614,TSPYL2
1615,TSR2
1616,TTC12
1617,TTC19
1618,TTC21B
1619,TTC27
1620,TTC28
1621,TTC33
1622,TTC39B
1623,TTC7A
1624,TTF2
1625,TTLL11
1626,TTN
1627,TTN-AS1
1628,TUBA1B
1629,TUBA1C
1630,TUBB
1631,TUBB6
1632,TWISTNB
1633,TWSG1
1634,TXK
1635,TXLNA
1636,TXN
1637,TXN2
1638,TXNDC17
1639,TYMP
1640,TYROBP
1641,UAP1
1642,UBA52
1643,UBAP1L
1644,UBASH3B
1645,UBC
1646,UBE2J1
1647,UBE2L6
1648,UBE3B
1649,UBE3D
1650,UBQLN2
1651,UBXN1
1652,UFL1-AS1
1653,ULK2
1654,UQCC1
1655,UQCR10
1656,UQCRB
1657,UQCRC1
1658,UQCRQ
1659,USP1
1660,USP24
1661,USP3-AS1
1662,USP4
1663,USP45
1664,USP46
1665,UTP3
1666,UTRN
1667,UXT
1668,VAMP5
1669,VASH1
1670,VAV1
1671,VCAN
1672,VDAC1
1673,VEGFB
1674,VEZT
1675,VIM
1676,VMP1
1677,VPS13B
1678,VPS36
1679,VPS37B
1680,VPS41
1681,VPS45
1682,VPS8
1683,VTI1A
1684,VTI1B
1685,VWA8
1686,WBP4
1687,WDFY3
1688,WDPCP
1689,WDR1
1690,WDR20
1691,WDR27
1692,WDR36
1693,WDR7
1694,WDR83OS
1695,WEE2-AS1
1696,WLS
1697,WTAP
1698,WWOX
1699,WWP1
1700,XKR6
1701,XYLT1
1702,YARS
1703,YBX1
1704,YEATS2
1705,YES1
1706,YME1L1
1707,YPEL5
1708,YTHDC1
1709,YWHAE
1710,YWHAG
1711,YWHAH
1712,YWHAQ
1713,YWHAZ
1714,ZBTB2
1715,ZBTB20
1716,ZBTB20-AS1
1717,ZBTB21
1718,ZBTB37
1719,ZC3H12C
1720,ZC3H13
1721,ZC3H8
1722,ZC3HAV1
1723,ZC4H2
1724,ZCCHC10
1725,ZCCHC7
1726,ZDHHC21
1727,ZEB2
1728,ZFAND1
1729,ZFAND3
1730,ZFAND4
1731,ZFP36L1
1732,ZFP82
1733,ZFX
1734,ZFYVE16
1735,ZMAT2
1736,ZMYM4
1737,ZNF107
1738,ZNF213
1739,ZNF234
1740,ZNF235
1741,ZNF280D
1742,ZNF281
1743,ZNF331
1744,ZNF337
1745,ZNF407
1746,ZNF438
1747,ZNF483
1748,ZNF514
1749,ZNF516
1750,ZNF519
1751,ZNF529
1752,ZNF532
1753,ZNF546
1754,ZNF552
1755,ZNF565
1756,ZNF586
1757,ZNF589
1758,ZNF593
1759,ZNF618
1760,ZNF678
1761,ZNF701
1762,ZNF708
1763,ZNF710
1764,ZNF718
1765,ZNF736
1766,ZNF765
1767,ZNF766
1768,ZNF782
1769,ZNF789
1770,ZNF790
1771,ZNF804A
1772,ZNF81
1773,ZNF814
1774,ZNFX1
1775,ZNRF2
1776,ZSCAN5A
1777,ZSWIM4
1778,ZYX
